{"lr": 0.00997816673168354, "data_time": 0.0071732521057128905, "loss": 0.8876544862985611, "decode.loss_ce": 0.6241111144423485, "decode.acc_seg": 65.48131561279297, "aux.loss_ce": 0.2635433740913868, "aux.acc_seg": 65.48131561279297, "time": 0.5059326887130737, "memory": 8093, "step": 50}
{"lr": 0.009955882357842396, "data_time": 0.007890129089355468, "loss": 1.0722910106182098, "decode.loss_ce": 0.7357463777065277, "decode.acc_seg": 85.90113830566406, "aux.loss_ce": 0.33654464185237887, "aux.acc_seg": 85.78307342529297, "time": 0.6841198921203613, "memory": 7533, "step": 100}
{"lr": 0.009933592384202706, "data_time": 0.006525087356567383, "loss": 0.9164617836475373, "decode.loss_ce": 0.628868679702282, "decode.acc_seg": 94.99057006835938, "aux.loss_ce": 0.2875931069254875, "aux.acc_seg": 95.11474609375, "time": 0.5372032880783081, "memory": 7532, "step": 150}
{"lr": 0.00991129679524665, "data_time": 0.006485462188720703, "loss": 0.8111734718084336, "decode.loss_ce": 0.5469725877046585, "decode.acc_seg": 88.35366821289062, "aux.loss_ce": 0.2642008729279041, "aux.acc_seg": 87.98003387451172, "time": 0.7120360851287841, "memory": 7533, "step": 200}
{"lr": 0.009888995575374133, "data_time": 0.00613560676574707, "loss": 0.8304461717605591, "decode.loss_ce": 0.5668134838342667, "decode.acc_seg": 77.68360137939453, "aux.loss_ce": 0.26363270804286004, "aux.acc_seg": 77.78761291503906, "time": 0.7400484323501587, "memory": 7533, "step": 250}
{"lr": 0.009866688708902109, "data_time": 0.007731103897094726, "loss": 0.7897358447313308, "decode.loss_ce": 0.537775245308876, "decode.acc_seg": 96.47223663330078, "aux.loss_ce": 0.251960601657629, "aux.acc_seg": 96.46623229980469, "time": 0.5256423950195312, "memory": 7533, "step": 300}
{"lr": 0.009844376180063912, "data_time": 0.008276224136352539, "loss": 1.0347335636615753, "decode.loss_ce": 0.6836599230766296, "decode.acc_seg": 81.03709411621094, "aux.loss_ce": 0.3510736346244812, "aux.acc_seg": 77.7038345336914, "time": 0.7838886737823486, "memory": 7532, "step": 350}
{"lr": 0.00982205797300864, "data_time": 0.00807175636291504, "loss": 0.852015209197998, "decode.loss_ce": 0.5796331524848938, "decode.acc_seg": 83.00757598876953, "aux.loss_ce": 0.27238205522298814, "aux.acc_seg": 77.6655044555664, "time": 0.48054373264312744, "memory": 7532, "step": 400}
{"lr": 0.009799734071800454, "data_time": 0.006141114234924317, "loss": 0.8303451970219612, "decode.loss_ce": 0.5612248867750168, "decode.acc_seg": 75.4375, "aux.loss_ce": 0.2691203273832798, "aux.acc_seg": 76.20287322998047, "time": 0.8175896644592285, "memory": 7532, "step": 450}
{"lr": 0.009777404460417919, "data_time": 0.007458329200744629, "loss": 0.5603376239538193, "decode.loss_ce": 0.36671697050333024, "decode.acc_seg": 85.82797241210938, "aux.loss_ce": 0.19362065196037292, "aux.acc_seg": 81.20056915283203, "time": 0.5146478891372681, "memory": 7533, "step": 500}
{"lr": 0.009755069122753297, "data_time": 0.006469535827636719, "loss": 0.6353442639112472, "decode.loss_ce": 0.4302784904837608, "decode.acc_seg": 81.66895294189453, "aux.loss_ce": 0.20506576821208, "aux.acc_seg": 80.82389068603516, "time": 0.7689445972442627, "memory": 7532, "step": 550}
{"lr": 0.009732728042611922, "data_time": 0.007175040245056152, "loss": 0.8318222045898438, "decode.loss_ce": 0.557715329527855, "decode.acc_seg": 60.40443420410156, "aux.loss_ce": 0.27410687021911145, "aux.acc_seg": 54.88589096069336, "time": 0.5361901998519898, "memory": 7532, "step": 600}
{"lr": 0.00971038120371142, "data_time": 0.006280732154846191, "loss": 1.004199343919754, "decode.loss_ce": 0.6810762137174606, "decode.acc_seg": 71.03777313232422, "aux.loss_ce": 0.3231231302022934, "aux.acc_seg": 68.96717071533203, "time": 0.6966715574264526, "memory": 7533, "step": 650}
{"lr": 0.009688028589681092, "data_time": 0.005983614921569824, "loss": 0.7338352382183075, "decode.loss_ce": 0.48675720691680907, "decode.acc_seg": 73.27536010742188, "aux.loss_ce": 0.24707802385091782, "aux.acc_seg": 69.53882598876953, "time": 0.5080837726593017, "memory": 7532, "step": 700}
{"lr": 0.009665670184061136, "data_time": 0.006292033195495606, "loss": 0.8098602086305619, "decode.loss_ce": 0.545764622092247, "decode.acc_seg": 88.50692749023438, "aux.loss_ce": 0.26409558951854706, "aux.acc_seg": 85.12520599365234, "time": 0.6932637929916382, "memory": 7532, "step": 750}
{"lr": 0.009643305970301965, "data_time": 0.007849383354187011, "loss": 0.7085507094860077, "decode.loss_ce": 0.46765599548816683, "decode.acc_seg": 78.75817108154297, "aux.loss_ce": 0.24089471250772476, "aux.acc_seg": 74.90472412109375, "time": 0.5975091695785523, "memory": 7533, "step": 800}
{"lr": 0.009620935931763486, "data_time": 0.006668543815612793, "loss": 0.9052732408046722, "decode.loss_ce": 0.6105996310710907, "decode.acc_seg": 89.6280288696289, "aux.loss_ce": 0.29467360228300093, "aux.acc_seg": 88.00315856933594, "time": 0.5899465799331665, "memory": 7533, "step": 850}
{"lr": 0.009598560051714332, "data_time": 0.006094646453857422, "loss": 0.7036410689353942, "decode.loss_ce": 0.47590733915567396, "decode.acc_seg": 95.63103485107422, "aux.loss_ce": 0.2277337208390236, "aux.acc_seg": 96.35742950439453, "time": 0.7961989641189575, "memory": 7532, "step": 900}
{"lr": 0.009576178313331171, "data_time": 0.0075713396072387695, "loss": 0.6328405022621155, "decode.loss_ce": 0.42165134102106094, "decode.acc_seg": 91.21453857421875, "aux.loss_ce": 0.21118916794657708, "aux.acc_seg": 87.1994857788086, "time": 0.4984670877456665, "memory": 7533, "step": 950}
{"lr": 0.009553790699697915, "data_time": 0.008018064498901366, "loss": 0.7990797013044357, "decode.loss_ce": 0.5351105779409409, "decode.acc_seg": 71.04537200927734, "aux.loss_ce": 0.26396913081407547, "aux.acc_seg": 67.11703491210938, "time": 0.7994501829147339, "memory": 7532, "step": 1000}
{"lr": 0.009531397193804974, "data_time": 0.007164978981018066, "loss": 0.8447544753551484, "decode.loss_ce": 0.5790843725204468, "decode.acc_seg": 79.2398452758789, "aux.loss_ce": 0.2656700998544693, "aux.acc_seg": 78.0634994506836, "time": 0.4921536445617676, "memory": 7533, "step": 1050}
{"lr": 0.009508997778548519, "data_time": 0.006636667251586914, "loss": 0.781774690747261, "decode.loss_ce": 0.5185171708464622, "decode.acc_seg": 82.12346649169922, "aux.loss_ce": 0.26325751319527624, "aux.acc_seg": 78.99691009521484, "time": 0.6874651193618775, "memory": 7532, "step": 1100}
{"lr": 0.009486592436729672, "data_time": 0.0063021183013916016, "loss": 0.7653578013181687, "decode.loss_ce": 0.5241465911269187, "decode.acc_seg": 92.40633392333984, "aux.loss_ce": 0.24121122062206268, "aux.acc_seg": 92.32061767578125, "time": 0.5367121458053589, "memory": 7533, "step": 1150}
{"lr": 0.009464181151053741, "data_time": 0.00602729320526123, "loss": 0.7148545622825623, "decode.loss_ce": 0.4844012469053268, "decode.acc_seg": 76.34742736816406, "aux.loss_ce": 0.2304533079266548, "aux.acc_seg": 81.76661682128906, "time": 0.7038027286529541, "memory": 7533, "step": 1200}
{"lr": 0.00944176390412943, "data_time": 0.006655836105346679, "loss": 0.7229470670223236, "decode.loss_ce": 0.49199785739183427, "decode.acc_seg": 87.36627960205078, "aux.loss_ce": 0.23094920217990875, "aux.acc_seg": 86.53731536865234, "time": 0.5685430049896241, "memory": 7533, "step": 1250}
{"lr": 0.009419340678468037, "data_time": 0.006527543067932129, "loss": 0.7950801312923431, "decode.loss_ce": 0.5213530004024506, "decode.acc_seg": 60.3160400390625, "aux.loss_ce": 0.27372711449861525, "aux.acc_seg": 51.32795333862305, "time": 0.5939716100692749, "memory": 7533, "step": 1300}
{"lr": 0.009396911456482651, "data_time": 0.006585216522216797, "loss": 0.679842147231102, "decode.loss_ce": 0.44718459248542786, "decode.acc_seg": 80.38018798828125, "aux.loss_ce": 0.232657553255558, "aux.acc_seg": 74.85568237304688, "time": 0.7485523223876953, "memory": 7533, "step": 1350}
{"lr": 0.009374476220487314, "data_time": 0.007342791557312012, "loss": 0.8102259755134582,