{"lr": 0.00997816673168354, "data_time": 0.009268951416015626, "loss": 1.0853435218334198, "decode.loss_ce": 0.7313397049903869, "decode.acc_seg": 80.44776916503906, "aux.loss_ce": 0.3540038034319878, "aux.acc_seg": 66.0369873046875, "time": 0.3798826694488525, "memory": 20044, "step": 50}
{"lr": 0.009955882357842396, "data_time": 0.007772684097290039, "loss": 0.749196007847786, "decode.loss_ce": 0.5104221418499947, "decode.acc_seg": 67.6431655883789, "aux.loss_ce": 0.23877387568354608, "aux.acc_seg": 73.87991333007812, "time": 0.38001041412353515, "memory": 7585, "step": 100}
{"lr": 0.009933592384202706, "data_time": 0.008767223358154297, "loss": 0.6689962774515152, "decode.loss_ce": 0.4354306936264038, "decode.acc_seg": 90.56739807128906, "aux.loss_ce": 0.23356558084487916, "aux.acc_seg": 89.52173614501953, "time": 0.38430423736572267, "memory": 7585, "step": 150}
{"lr": 0.00991129679524665, "data_time": 0.007735633850097656, "loss": 0.6030699342489243, "decode.loss_ce": 0.3892490953207016, "decode.acc_seg": 80.8460922241211, "aux.loss_ce": 0.2138208270072937, "aux.acc_seg": 76.21490478515625, "time": 0.3806915760040283, "memory": 7585, "step": 200}
{"lr": 0.009888995575374133, "data_time": 0.007838940620422364, "loss": 0.7091834470629692, "decode.loss_ce": 0.47215424552559854, "decode.acc_seg": 69.063720703125, "aux.loss_ce": 0.23702919259667396, "aux.acc_seg": 70.92155456542969, "time": 0.3850281000137329, "memory": 7585, "step": 250}
{"lr": 0.009866688708902109, "data_time": 0.007766556739807129, "loss": 0.6845575958490372, "decode.loss_ce": 0.4566909372806549, "decode.acc_seg": 84.45320129394531, "aux.loss_ce": 0.22786665186285973, "aux.acc_seg": 80.98974609375, "time": 0.38328454494476316, "memory": 7585, "step": 300}
{"lr": 0.009844376180063912, "data_time": 0.006861448287963867, "loss": 0.5020988628268241, "decode.loss_ce": 0.3255754694342613, "decode.acc_seg": 86.69837188720703, "aux.loss_ce": 0.17652339972555636, "aux.acc_seg": 85.92646026611328, "time": 0.3854009389877319, "memory": 7585, "step": 350}
{"lr": 0.00982205797300864, "data_time": 0.007672333717346191, "loss": 0.648207938671112, "decode.loss_ce": 0.41755297482013704, "decode.acc_seg": 77.2073745727539, "aux.loss_ce": 0.230654963105917, "aux.acc_seg": 76.28012084960938, "time": 0.38344783782958985, "memory": 7585, "step": 400}
{"lr": 0.009799734071800454, "data_time": 0.007138466835021973, "loss": 0.49865317940711973, "decode.loss_ce": 0.3203627735376358, "decode.acc_seg": 93.65080261230469, "aux.loss_ce": 0.1782904051244259, "aux.acc_seg": 80.36104583740234, "time": 0.38531494140625, "memory": 7585, "step": 450}
{"lr": 0.009777404460417919, "data_time": 0.006702613830566406, "loss": 0.38948856592178344, "decode.loss_ce": 0.24753074571490288, "decode.acc_seg": 86.5217056274414, "aux.loss_ce": 0.14195782877504826, "aux.acc_seg": 79.64852142333984, "time": 0.3874222278594971, "memory": 7585, "step": 500}
{"lr": 0.009755069122753297, "data_time": 0.007100152969360352, "loss": 0.6037861108779907, "decode.loss_ce": 0.3920181468129158, "decode.acc_seg": 84.50593566894531, "aux.loss_ce": 0.2117679573595524, "aux.acc_seg": 72.42698669433594, "time": 0.3833179950714111, "memory": 7585, "step": 550}
{"lr": 0.009732728042611922, "data_time": 0.007502937316894531, "loss": 0.4870231419801712, "decode.loss_ce": 0.3118618130683899, "decode.acc_seg": 93.07685852050781, "aux.loss_ce": 0.17516132444143295, "aux.acc_seg": 89.14176177978516, "time": 0.38388307094573976, "memory": 7585, "step": 600}
{"lr": 0.00971038120371142, "data_time": 0.006679821014404297, "loss": 0.5371008336544036, "decode.loss_ce": 0.3448872536420822, "decode.acc_seg": 90.46342468261719, "aux.loss_ce": 0.192213574051857, "aux.acc_seg": 88.3624038696289, "time": 0.3845240354537964, "memory": 7584, "step": 650}
{"lr": 0.009688028589681092, "data_time": 0.006233668327331543, "loss": 0.4143214762210846, "decode.loss_ce": 0.2562026150524616, "decode.acc_seg": 81.47918701171875, "aux.loss_ce": 0.15811885446310042, "aux.acc_seg": 63.44789123535156, "time": 0.38461544513702395, "memory": 7585, "step": 700}
{"lr": 0.009665670184061136, "data_time": 0.006611466407775879, "loss": 0.43737513422966, "decode.loss_ce": 0.27439441680908205, "decode.acc_seg": 86.21807098388672, "aux.loss_ce": 0.16298071295022964, "aux.acc_seg": 76.04208374023438, "time": 0.38559575080871583, "memory": 7585, "step": 750}
{"lr": 0.009643305970301965, "data_time": 0.006568336486816406, "loss": 0.4477861762046814, "decode.loss_ce": 0.28576851487159727, "decode.acc_seg": 85.56942749023438, "aux.loss_ce": 0.16201766431331635, "aux.acc_seg": 78.86701965332031, "time": 0.3841141939163208, "memory": 7585, "step": 800}
{"lr": 0.009620935931763486, "data_time": 0.006469082832336426, "loss": 0.4215355858206749, "decode.loss_ce": 0.2703351482748985, "decode.acc_seg": 88.20219421386719, "aux.loss_ce": 0.15120043978095055, "aux.acc_seg": 80.91201782226562, "time": 0.38363938331604003, "memory": 7585, "step": 850}
{"lr": 0.009598560051714332, "data_time": 0.006895804405212402, "loss": 0.24383256770670414, "decode.loss_ce": 0.15002702884376048, "decode.acc_seg": 99.27354431152344, "aux.loss_ce": 0.09380554016679525, "aux.acc_seg": 99.44574737548828, "time": 0.3867727994918823, "memory": 7585, "step": 900}
{"lr": 0.009576178313331171, "data_time": 0.006263089179992676, "loss": 0.4052649512887001, "decode.loss_ce": 0.25282160490751265, "decode.acc_seg": 90.91570281982422, "aux.loss_ce": 0.15244334265589715, "aux.acc_seg": 88.88768005371094, "time": 0.3843393802642822, "memory": 7585, "step": 950}
{"lr": 0.009553790699697915, "data_time": 0.006446290016174317, "loss": 0.4982883885502815, "decode.loss_ce": 0.3114472836256027, "decode.acc_seg": 89.63329315185547, "aux.loss_ce": 0.18684110157191752, "aux.acc_seg": 84.2738265991211, "time": 0.385906982421875, "memory": 7585, "step": 1000}
{"lr": 0.009531397193804974, "data_time": 0.007020831108093262, "loss": 0.4338113576173782, "decode.loss_ce": 0.2758011415600777, "decode.acc_seg": 87.70835876464844, "aux.loss_ce": 0.15801021084189415, "aux.acc_seg": 83.96574401855469, "time": 0.385913348197937, "memory": 7585, "step": 1050}
{"lr": 0.009508997778548519, "data_time": 0.006497669219970703, "loss": 0.2997400969266891, "decode.loss_ce": 0.18484929166734218, "decode.acc_seg": 87.36228942871094, "aux.loss_ce": 0.11489080395549536, "aux.acc_seg": 86.17515563964844, "time": 0.3843348026275635, "memory": 7585, "step": 1100}
{"lr": 0.009486592436729672, "data_time": 0.006960678100585938, "loss": 0.3453352853655815, "decode.loss_ce": 0.20765344947576522, "decode.acc_seg": 97.66240692138672, "aux.loss_ce": 0.13768183570355177, "aux.acc_seg": 97.3962173461914, "time": 0.3870708703994751, "memory": 7585, "step": 1150}
{"lr": 0.009464181151053741, "data_time": 0.006902623176574707, "loss": 0.3512869656085968, "decode.loss_ce": 0.2035548985004425, "decode.acc_seg": 91.20639038085938, "aux.loss_ce": 0.14773206114768983, "aux.acc_seg": 84.6014633178711, "time": 0.38390336036682127, "memory": 7585, "step": 1200}
{"lr": 0.00944176390412943, "data_time": 0.006426715850830078, "loss": 0.30668050423264503, "decode.loss_ce": 0.1895217016339302, "decode.acc_seg": 91.2224349975586, "aux.loss_ce": 0.11715880297124386, "aux.acc_seg": 89.17684936523438, "time": 0.3835946798324585, "memory": 7585, "step": 1250}
{"lr": 0.009419340678468037, "data_time": 0.006234264373779297, "loss": 0.3799118995666504, "decode.loss_ce": 0.23336645364761352, "decode.acc_seg": 84.13550567626953, "aux.loss_ce": 0.14654544070363046, "aux.acc_seg": 77.91963958740234, "time": 0.3826406717300415, "memory": 7585, "step": 1300}
{"lr": 0.009396911456482651, "data_time": 0.0068454742431640625, "loss": 0.34997764229774475, "decode.loss_ce": 0.19943626150488852, "decode.acc_seg": 93.90440368652344, "aux.loss_ce": 0.15054138004779816, "aux.acc_seg": 83.0596923828125, "time": 0.3844700574874878, "memory": 7585, "step": 1350}
{"lr": 0.009374476220487314, "data_time": 0.006223106384277343,