{"lr": 0.00997816673168354, "data_time": 0.007862043380737305, "loss": 1.2216535091400147, "decode.loss_ce": 0.8697109192609787, "decode.acc_seg": 60.95381546020508, "aux.loss_ce": 0.35194259583950044, "aux.acc_seg": 60.95381546020508, "time": 0.3224968433380127, "memory": 20958, "step": 50}
{"lr": 0.009955882357842396, "data_time": 0.0078202486038208, "loss": 1.0518689662218095, "decode.loss_ce": 0.746342408657074, "decode.acc_seg": 81.97637939453125, "aux.loss_ce": 0.3055265717208385, "aux.acc_seg": 81.97637939453125, "time": 0.3236920595169067, "memory": 9212, "step": 100}
{"lr": 0.009933592384202706, "data_time": 0.007205462455749512, "loss": 1.0984079748392106, "decode.loss_ce": 0.7843769460916519, "decode.acc_seg": 70.79817199707031, "aux.loss_ce": 0.31403101459145544, "aux.acc_seg": 71.06009674072266, "time": 0.3228982210159302, "memory": 9213, "step": 150}
{"lr": 0.00991129679524665, "data_time": 0.007094860076904297, "loss": 1.0657364845275878, "decode.loss_ce": 0.7577976584434509, "decode.acc_seg": 93.87666320800781, "aux.loss_ce": 0.3079388111829758, "aux.acc_seg": 95.83715057373047, "time": 0.32476181983947755, "memory": 9213, "step": 200}
{"lr": 0.009888995575374133, "data_time": 0.007596755027770996, "loss": 0.9892840921878815, "decode.loss_ce": 0.7007647693157196, "decode.acc_seg": 79.3801040649414, "aux.loss_ce": 0.288519324362278, "aux.acc_seg": 79.5593490600586, "time": 0.3254238128662109, "memory": 9213, "step": 250}
{"lr": 0.009866688708902109, "data_time": 0.007865548133850098, "loss": 1.1247755885124207, "decode.loss_ce": 0.7980654954910278, "decode.acc_seg": 71.45370483398438, "aux.loss_ce": 0.32671006917953493, "aux.acc_seg": 70.15554809570312, "time": 0.3257865905761719, "memory": 9213, "step": 300}
{"lr": 0.009844376180063912, "data_time": 0.008701038360595704, "loss": 1.0973038971424103, "decode.loss_ce": 0.7784181505441665, "decode.acc_seg": 78.42855072021484, "aux.loss_ce": 0.31888574436306955, "aux.acc_seg": 78.72699737548828, "time": 0.3272306680679321, "memory": 9213, "step": 350}
{"lr": 0.00982205797300864, "data_time": 0.00784749984741211, "loss": 1.2851876497268677, "decode.loss_ce": 0.9153345465660095, "decode.acc_seg": 81.55894470214844, "aux.loss_ce": 0.3698531001806259, "aux.acc_seg": 82.23460388183594, "time": 0.32687959671020506, "memory": 9213, "step": 400}
{"lr": 0.009799734071800454, "data_time": 0.0072326183319091795, "loss": 1.0536440312862396, "decode.loss_ce": 0.752472871541977, "decode.acc_seg": 62.20103073120117, "aux.loss_ce": 0.30117115676403045, "aux.acc_seg": 60.31182861328125, "time": 0.3278778314590454, "memory": 9213, "step": 450}
{"lr": 0.009777404460417919, "data_time": 0.00720362663269043, "loss": 1.3542180955410004, "decode.loss_ce": 0.9722453355789185, "decode.acc_seg": 66.35977172851562, "aux.loss_ce": 0.3819727599620819, "aux.acc_seg": 66.15184783935547, "time": 0.3291435241699219, "memory": 9213, "step": 500}
{"lr": 0.009755069122753297, "data_time": 0.007499170303344726, "loss": 1.5262509346008302, "decode.loss_ce": 1.0953237533569335, "decode.acc_seg": 38.57536315917969, "aux.loss_ce": 0.4309271827340126, "aux.acc_seg": 38.99345397949219, "time": 0.3267702579498291, "memory": 9213, "step": 550}
{"lr": 0.009732728042611922, "data_time": 0.007039308547973633, "loss": 1.1064186930656432, "decode.loss_ce": 0.7923084199428558, "decode.acc_seg": 72.41730499267578, "aux.loss_ce": 0.3141102761030197, "aux.acc_seg": 73.80692291259766, "time": 0.32692317962646483, "memory": 9213, "step": 600}
{"lr": 0.00971038120371142, "data_time": 0.007228589057922364, "loss": 1.001285982131958, "decode.loss_ce": 0.7151738315820694, "decode.acc_seg": 61.78217697143555, "aux.loss_ce": 0.286112143099308, "aux.acc_seg": 62.86825942993164, "time": 0.32828917503356936, "memory": 9213, "step": 650}
{"lr": 0.009688028589681092, "data_time": 0.006932640075683593, "loss": 1.081106811761856, "decode.loss_ce": 0.774040874838829, "decode.acc_seg": 77.7474365234375, "aux.loss_ce": 0.30706593841314317, "aux.acc_seg": 77.13467407226562, "time": 0.3269986391067505, "memory": 9213, "step": 700}
{"lr": 0.009665670184061136, "data_time": 0.0066177606582641605, "loss": 1.0753726929426193, "decode.loss_ce": 0.7659629136323929, "decode.acc_seg": 69.13247680664062, "aux.loss_ce": 0.3094097912311554, "aux.acc_seg": 68.63860321044922, "time": 0.3268078565597534, "memory": 9213, "step": 750}
{"lr": 0.009643305970301965, "data_time": 0.007528567314147949, "loss": 1.146646910905838, "decode.loss_ce": 0.8180021733045578, "decode.acc_seg": 54.24232482910156, "aux.loss_ce": 0.32864472568035125, "aux.acc_seg": 54.00552749633789, "time": 0.32830932140350344, "memory": 9213, "step": 800}
{"lr": 0.009620935931763486, "data_time": 0.007262873649597168, "loss": 0.8426500707864761, "decode.loss_ce": 0.5988627687096596, "decode.acc_seg": 80.82791137695312, "aux.loss_ce": 0.2437872938811779, "aux.acc_seg": 77.13677978515625, "time": 0.32691206932067873, "memory": 9214, "step": 850}
{"lr": 0.009598560051714332, "data_time": 0.007728409767150879, "loss": 0.9727542370557785, "decode.loss_ce": 0.6941499948501587, "decode.acc_seg": 70.1913833618164, "aux.loss_ce": 0.27860423028469083, "aux.acc_seg": 69.76318359375, "time": 0.3278358459472656, "memory": 9213, "step": 900}
{"lr": 0.009576178313331171, "data_time": 0.007285475730895996, "loss": 0.8297206550836563, "decode.loss_ce": 0.5933856964111328, "decode.acc_seg": 78.96382141113281, "aux.loss_ce": 0.23633495792746545, "aux.acc_seg": 78.8641357421875, "time": 0.32835779190063474, "memory": 9213, "step": 950}
{"lr": 0.009553790699697915, "data_time": 0.007427477836608886, "loss": 0.9497552514076233, "decode.loss_ce": 0.6792523473501205, "decode.acc_seg": 87.23190307617188, "aux.loss_ce": 0.27050290554761885, "aux.acc_seg": 86.83615112304688, "time": 0.32707235813140867, "memory": 9213, "step": 1000}
{"lr": 0.009531397193804974, "data_time": 0.0076125144958496095, "loss": 1.0567451119422913, "decode.loss_ce": 0.7531350553035736, "decode.acc_seg": 66.02197265625, "aux.loss_ce": 0.30361004918813705, "aux.acc_seg": 65.76905822753906, "time": 0.3288149356842041, "memory": 9213, "step": 1050}
{"lr": 0.009508997778548519, "data_time": 0.007167816162109375, "loss": 1.4211103022098541, "decode.loss_ce": 1.0132995069026947, "decode.acc_seg": 66.477294921875, "aux.loss_ce": 0.40781079828739164, "aux.acc_seg": 66.87860107421875, "time": 0.328835654258728, "memory": 9214, "step": 1100}
{"lr": 0.009486592436729672, "data_time": 0.007079935073852539, "loss": 0.9267241954803467, "decode.loss_ce": 0.6622063249349595, "decode.acc_seg": 73.90857696533203, "aux.loss_ce": 0.2645178660750389, "aux.acc_seg": 73.3814926147461, "time": 0.3272205352783203, "memory": 9213, "step": 1150}
{"lr": 0.009464181151053741, "data_time": 0.0072947263717651365, "loss": 0.7543062478303909, "decode.loss_ce": 0.5405050247907639, "decode.acc_seg": 76.25820922851562, "aux.loss_ce": 0.21380122676491736, "aux.acc_seg": 77.30915832519531, "time": 0.3285157918930054, "memory": 9213, "step": 1200}
{"lr": 0.00944176390412943, "data_time": 0.0067492246627807615, "loss": 1.0821375250816345, "decode.loss_ce": 0.7762357771396637, "decode.acc_seg": 77.68411254882812, "aux.loss_ce": 0.3059017494320869, "aux.acc_seg": 78.18489074707031, "time": 0.3279829740524292, "memory": 9213, "step": 1250}
{"lr": 0.009419340678468037, "data_time": 0.00718228816986084, "loss": 1.0570134222507477, "decode.loss_ce": 0.7551457166671753, "decode.acc_seg": 92.80159759521484, "aux.loss_ce": 0.3018676921725273, "aux.acc_seg": 92.5887680053711, "time": 0.3286113977432251, "memory": 9213, "step": 1300}
{"lr": 0.009396911456482651, "data_time": 0.007352662086486816, "loss": 0.758332473039627, "decode.loss_ce": 0.5410059571266175, "decode.acc_seg": 78.61125946044922, "aux.loss_ce": 0.21732652112841605, "aux.acc_seg": 78.7354965209961, "time": 0.32808494567871094, "memory": 9213, "step": 1350}
{"lr": 0.009374476220487314, "data_time": 0.007133173942565918,